Model,Best_r2_components,Best_r2_score,Best_mse_components,Best_mse_score
Dummy,1,-1.2508957163293033e-05,1,-1.0000045400606807
RandomForest,29,0.7089498970712438,29,-0.2910569404327791
SVR,30,0.7505227276642026,30,-0.24950631833679995
GradientBoosting,28,0.7358227747083566,28,-0.2641931585278969
